[
    {
        "name": "gaurav",
        "mood": "energetic",
        "score": 4,
        "playlist": [
            "believer",
            "thodi si daaru",
            "sapphire"
        ],
        "time": "2025-11-22 10:57:25"
    },
    {
        "name": "gaurav",
        "mood": "energetic",
        "score": 2,
        "playlist": [
            "thodi si daaru",
            "believer",
            "sapphire"
        ],
        "time": "2025-11-22 11:03:58"
    },
    {
        "name": "g",
        "mood": "old",
        "score": 3,
        "playlist": [
            "lag ja gale",
            "kal chaudhvi ki raat thi"
        ],
        "time": "2025-11-22 11:05:08"
    },
    {
        "name": "neha",
        "mood": "old",
        "score": 3,
        "playlist": [
            "lag ja gale",
            "kal chaudhvi ki raat thi"
        ],
        "time": "2025-11-22 11:09:46"
    }
]